19	201	1	16.721986770629883
19	26	2	15.70569896697998
19	5	3	14.771926879882812
19	120	4	14.377111434936523
19	25	5	14.365498542785645
19	182	6	13.927738189697266
19	156	7	12.860404014587402
19	13	8	12.3812894821167
19	119	9	12.082521438598633
19	132	10	11.909741401672363
110	120	1	24.746606826782227
110	156	2	17.1016788482666
110	27	3	12.634537696838379
110	60	4	12.143929481506348
110	221	5	10.904587745666504
110	16	6	10.583822250366211
110	145	7	10.56932258605957
110	7	8	10.488706588745117
110	71	9	10.26557731628418
110	172	10	9.553409576416016
119	22	1	10.522904396057129
119	175	2	9.814873695373535
119	71	3	9.678114891052246
119	166	4	9.256824493408203
119	201	5	9.218475341796875
119	26	6	9.000527381896973
119	110	7	8.858237266540527
119	55	8	8.789124488830566
119	116	9	8.782133102416992
119	25	10	8.698461532592773
176	156	1	20.188793182373047
176	26	2	13.712302207946777
176	191	3	13.280712127685547
176	120	4	12.92815113067627
176	71	5	11.940464973449707
176	160	6	11.493672370910645
176	209	7	11.352853775024414
176	8	8	11.335209846496582
176	15	9	10.833709716796875
176	7	10	10.27470874786377
204	5	1	25.7536678314209
204	193	2	12.230228424072266
204	108	3	11.209575653076172
204	42	4	10.737014770507812
204	118	5	10.69313907623291
204	183	6	10.46860122680664
204	66	7	9.869162559509277
204	94	8	9.730401992797852
204	154	9	9.600561141967773
204	190	10	9.593043327331543
207	25	1	20.48845100402832
207	5	2	12.536844253540039
207	26	3	11.625312805175781
207	126	4	11.31281852722168
207	19	5	10.99953556060791
207	12	6	10.883234977722168
207	87	7	10.003148078918457
207	76	8	9.624885559082031
207	210	9	9.544875144958496
207	42	10	9.537789344787598
258	143	1	21.503767013549805
258	46	2	16.803953170776367
258	29	3	13.665776252746582
258	98	4	13.016786575317383
258	177	5	13.009544372558594
258	171	6	12.960959434509277
258	7	7	12.629134178161621
258	47	8	11.964385986328125
258	204	9	11.404681205749512
258	51	10	11.363450050354004
262	26	1	23.275550842285156
262	120	2	8.842857360839844
262	220	3	8.677373886108398
262	156	4	8.42016887664795
262	16	5	8.319883346557617
262	25	6	8.283334732055664
262	201	7	7.922595500946045
262	87	8	7.87600564956665
262	197	9	7.497027397155762
262	14	10	7.45625638961792
340	19	1	22.501493453979492
340	86	2	22.095928192138672
340	5	3	12.289806365966797
340	201	4	11.583714485168457
340	71	5	11.49856185913086
340	26	6	11.168468475341797
340	14	7	10.484384536743164
340	25	8	10.11301326751709
340	87	9	9.819172859191895
340	35	10	9.659906387329102
386	87	1	23.00562286376953
386	14	2	13.144330024719238
386	201	3	12.806563377380371
386	26	4	11.725085258483887
386	221	5	11.637206077575684
386	25	6	11.362052917480469
386	5	7	11.24416732788086
386	71	8	10.715134620666504
386	19	9	10.599899291992188
386	126	10	10.590133666992188
435	53	1	23.87216567993164
435	203	2	10.554316520690918
435	133	3	10.424399375915527
435	215	4	9.37576675415039
435	43	5	9.173298835754395
435	47	6	8.863395690917969
435	137	7	8.553426742553711
435	115	8	8.437485694885254
435	65	9	8.428640365600586
435	73	10	8.383338928222656
443	181	1	22.896923065185547
443	13	2	10.368802070617676
443	205	3	9.967833518981934
443	220	4	9.841432571411133
443	52	5	9.708761215209961
443	144	6	9.611295700073242
443	101	7	9.545236587524414
443	99	8	9.448143005371094
443	64	9	9.436686515808105
443	182	10	9.27975082397461
537	103	1	27.31683349609375
537	158	2	27.135622024536133
537	203	3	20.395172119140625
537	205	4	14.538261413574219
537	206	5	12.669301986694336
537	194	6	12.31921672821045
537	147	7	10.76215648651123
537	53	8	9.552656173706055
537	130	9	8.680610656738281
537	212	10	8.301609992980957
553	195	1	24.51030158996582
553	88	2	22.714401245117188
553	89	3	13.058507919311523
553	119	4	12.72249698638916
553	177	5	11.540315628051758
553	28	6	10.859570503234863
553	171	7	10.158185958862305
553	154	8	9.689812660217285
553	157	9	9.097405433654785
553	182	10	8.699902534484863
596	204	1	13.168706893920898
596	168	2	10.10798168182373
596	100	3	9.70876407623291
596	76	4	9.620837211608887
596	212	5	9.327241897583008
596	136	6	9.159870147705078
596	171	7	9.025629043579102
596	104	8	8.92122745513916
596	185	9	8.901437759399414
596	182	10	8.808998107910156
611	196	1	26.910804748535156
611	217	2	15.605838775634766
611	160	3	13.45082950592041
611	159	4	12.477030754089355
611	182	5	12.09919261932373
611	148	6	11.039860725402832
611	28	7	10.925373077392578
611	222	8	10.75046157836914
611	154	9	10.20492172241211
611	23	10	10.130148887634277
652	116	1	10.340716361999512
652	79	2	9.409448623657227
652	22	3	9.023850440979004
652	76	4	8.945270538330078
652	27	5	8.614782333374023
652	71	6	8.382017135620117
652	156	7	8.130576133728027
652	171	8	7.928215503692627
652	123	9	7.878494739532471
652	62	10	7.696400165557861
670	159	1	23.551631927490234
670	183	2	20.11604881286621
670	172	3	19.257564544677734
670	206	4	13.212323188781738
670	173	5	12.501562118530273
670	42	6	11.68375015258789
670	160	7	11.473658561706543
670	217	8	11.161885261535645
670	27	9	10.10327434539795
670	28	10	9.801795959472656
672	28	1	26.167278289794922
672	148	2	25.41556167602539
672	222	3	21.56155776977539
672	160	4	13.286500930786133
672	4	5	13.017253875732422
672	23	6	12.685779571533203
672	24	7	11.750823974609375
672	32	8	11.148897171020508
672	18	9	10.623897552490234
672	196	10	10.250775337219238
684	137	1	24.751365661621094
684	161	2	19.612638473510742
684	135	3	13.159847259521484
684	104	4	12.434104919433594
684	213	5	10.553460121154785
684	39	6	10.225518226623535
684	205	7	10.093389511108398
684	197	8	9.828165054321289
684	113	9	9.689090728759766
684	172	10	9.606277465820312
703	90	1	24.517009735107422
703	112	2	13.287312507629395
703	8	3	12.642735481262207
703	84	4	11.306516647338867
703	42	5	11.279925346374512
703	67	6	10.741537094116211
703	76	7	10.40331745147705
703	63	8	10.064720153808594
703	11	9	9.91553783416748
703	121	10	9.819114685058594
707	104	1	22.40903091430664
707	135	2	17.328798294067383
707	137	3	13.04566764831543
707	212	4	10.94040298461914
707	38	5	9.880128860473633
707	54	6	9.337596893310547
707	158	7	9.300763130187988
707	161	8	9.193215370178223
707	205	9	8.934460639953613
707	100	10	8.84824275970459
769	206	1	17.88041877746582
769	121	2	12.368773460388184
769	203	3	10.487143516540527
769	68	4	9.776129722595215
769	135	5	9.7230806350708
769	205	6	9.196185111999512
769	158	7	8.923779487609863
769	146	8	8.880731582641602
769	197	9	8.689126014709473
769	137	10	8.608783721923828
804	105	1	24.925579071044922
804	9	2	22.55173110961914
804	134	3	22.12348175048828
804	161	4	11.935189247131348
804	17	5	9.770551681518555
804	42	6	9.249284744262695
804	91	7	9.205373764038086
804	53	8	8.851873397827148
804	108	9	8.675497055053711
804	100	10	8.62801456451416
806	169	1	9.437142372131348
806	102	2	9.04634952545166
806	222	3	8.656940460205078
806	95	4	8.153029441833496
806	112	5	8.0995454788208
806	23	6	8.087859153747559
806	140	7	7.980151653289795
806	206	8	7.951776027679443
806	172	9	7.920914173126221
806	28	10	7.7682785987854
811	147	1	26.028902053833008
811	211	2	24.63188362121582
811	184	3	23.857349395751953
811	159	4	10.993715286254883
811	113	5	10.053105354309082
811	172	6	10.04470157623291
811	213	7	9.822173118591309
811	102	8	9.769991874694824
811	197	9	9.598360061645508
811	180	10	9.069984436035156
819	20	1	24.161252975463867
819	212	2	10.305962562561035
819	90	3	9.921133041381836
819	137	4	9.815150260925293
819	136	5	9.652853965759277
819	172	6	9.190242767333984
819	145	7	8.88325309753418
819	211	8	8.6854829788208
819	161	9	8.596843719482422
819	68	10	8.432624816894531
956	68	1	16.32917022705078
956	136	2	15.781340599060059
956	212	3	11.521024703979492
956	213	4	10.896271705627441
956	161	5	9.98686695098877
956	137	6	9.8212890625
956	172	7	9.392223358154297
956	197	8	9.18537712097168
956	104	9	8.632660865783691
956	90	10	8.556892395019531
990	54	1	14.78275203704834
990	135	2	10.683614730834961
990	104	3	10.5908842086792
990	9	4	8.803933143615723
990	157	5	8.692809104919434
990	113	6	8.300792694091797
990	2	7	7.858688831329346
990	64	8	7.814478874206543
990	137	9	7.792272567749023
990	184	10	7.685036659240723
1042	138	1	22.487648010253906
1042	122	2	14.477570533752441
1042	59	3	13.133493423461914
1042	123	4	12.59384536743164
1042	43	5	12.506046295166016
1042	114	6	12.185114860534668
1042	73	7	10.055696487426758
1042	70	8	9.867033004760742
1042	15	9	9.795506477355957
1042	39	10	9.637860298156738
1043	43	1	27.93689727783203
1043	59	2	21.720088958740234
1043	138	3	16.069337844848633
1043	122	4	13.585726737976074
1043	123	5	11.83655071258545
1043	73	6	11.572751998901367
1043	114	7	11.438605308532715
1043	172	8	10.532642364501953
1043	215	9	10.325820922851562
1043	175	10	10.23267650604248
1050	114	1	26.876754760742188
1050	123	2	24.836578369140625
1050	73	3	18.982694625854492
1050	52	4	12.067041397094727
1050	43	5	11.518220901489258
1050	171	6	11.501516342163086
1050	169	7	11.240233421325684
1050	118	8	11.151359558105469
1050	138	9	11.044170379638672
1050	59	10	10.594992637634277
1065	106	1	23.50833511352539
1065	10	2	22.73847198486328
1065	44	3	19.843791961669922
1065	167	4	13.330718994140625
1065	52	5	8.839874267578125
1065	209	6	8.476161003112793
1065	34	7	8.319799423217773
1065	127	8	8.268798828125
1065	76	9	8.23697280883789
1065	136	10	8.04752254486084
1100	11	1	14.732172966003418
1100	58	2	9.54887580871582
1100	179	3	8.6907377243042
1100	122	4	8.381595611572266
1100	187	5	7.844107627868652
1100	224	6	7.751223564147949
1100	225	7	7.666111946105957
1100	62	8	7.6490888595581055
1100	142	9	7.604947090148926
1100	98	10	7.528085231781006
1129	206	1	11.310992240905762
1129	159	2	9.825697898864746
1129	194	3	8.723099708557129
1129	169	4	8.669549942016602
1129	55	5	8.650960922241211
1129	22	6	8.58806324005127
1129	54	7	8.451693534851074
1129	189	8	8.44122314453125
1129	171	9	8.334172248840332
1129	176	10	8.071205139160156
1212	169	1	13.684792518615723
1212	159	2	13.578765869140625
1212	209	3	11.794074058532715
1212	189	4	11.630877494812012
1212	114	5	10.9041748046875
1212	206	6	10.886069297790527
1212	22	7	10.807352066040039
1212	119	8	10.715481758117676
1212	52	9	9.964008331298828
1212	183	10	9.893302917480469
1267	34	1	19.152042388916016
1267	127	2	15.134085655212402
1267	39	3	13.175655364990234
1267	58	4	12.324880599975586
1267	15	5	12.154640197753906
1267	225	6	11.843674659729004
1267	63	7	10.638702392578125
1267	44	8	10.606861114501953
1267	137	9	10.534189224243164
1267	37	10	10.10063362121582
1297	48	1	25.151018142700195
1297	225	2	23.112497329711914
1297	7	3	12.2715482711792
1297	98	4	12.238761901855469
1297	29	5	12.110066413879395
1297	168	6	11.810851097106934
1297	131	7	11.734474182128906
1297	121	8	10.895237922668457
1297	138	9	10.8195219039917
1297	58	10	10.664742469787598
1298	149	1	20.05074119567871
1298	44	2	11.282754898071289
1298	106	3	10.974077224731445
1298	15	4	10.551385879516602
1298	116	5	10.417043685913086
1298	34	6	10.164604187011719
1298	17	7	10.024652481079102
1298	138	8	9.89952564239502
1298	10	9	9.831696510314941
1298	191	10	9.694306373596191
1304	55	1	22.337385177612305
1304	202	2	16.497970581054688
1304	17	3	10.4581937789917
1304	179	4	9.769390106201172
1304	135	5	9.576170921325684
1304	68	6	9.458553314208984
1304	153	7	9.320280075073242
1304	22	8	9.12490177154541
1304	130	9	8.22529411315918
1304	201	10	8.21531867980957
1306	35	1	24.035980224609375
1306	107	2	21.340503692626953
1306	223	3	20.050216674804688
1306	56	4	14.953584671020508
1306	43	5	11.66486644744873
1306	7	6	11.254243850708008
1306	58	7	11.097365379333496
1306	162	8	11.016980171203613
1306	98	9	10.994585037231445
1306	125	10	10.60013484954834
1348	56	1	20.44270896911621
1348	50	2	19.940317153930664
1348	93	3	12.203120231628418
1348	110	4	11.35346508026123
1348	46	5	9.908637046813965
1348	152	6	9.588773727416992
1348	43	7	9.289393424987793
1348	125	8	9.283173561096191
1348	151	9	9.045881271362305
1348	6	10	8.714889526367188
1396	15	1	21.736482620239258
1396	174	2	12.633610725402832
1396	125	3	12.110135078430176
1396	39	4	11.835939407348633
1396	37	5	11.366067886352539
1396	178	6	11.169292449951172
1396	170	7	11.120235443115234
1396	25	8	10.854935646057129
1396	34	9	10.605398178100586
1396	74	10	10.08779525756836
1404	12	1	25.978330612182617
1404	17	2	15.006765365600586
1404	175	3	11.03343391418457
1404	81	4	10.722859382629395
1404	25	5	10.414223670959473
1404	15	6	9.840742111206055
1404	71	7	9.76291561126709
1404	7	8	9.210672378540039
1404	58	9	9.152666091918945
1404	16	10	8.807255744934082
1522	139	1	19.057939529418945
1522	60	2	16.041784286499023
1522	156	3	10.892999649047852
1522	123	4	10.632512092590332
1522	116	5	10.43659496307373
1522	15	6	10.318901062011719
1522	79	7	10.226873397827148
1522	62	8	10.197383880615234
1522	22	9	10.124089241027832
1522	120	10	9.285844802856445
1561	174	1	21.53729248046875
1561	28	2	14.828994750976562
1561	160	3	14.799755096435547
1561	222	4	14.358954429626465
1561	148	5	14.081722259521484
1561	159	6	13.119766235351562
1561	15	7	12.620220184326172
1561	32	8	11.714896202087402
1561	4	9	11.602876663208008
1561	127	10	11.076961517333984
1598	82	1	20.42569923400879
1598	129	2	17.250642776489258
1598	22	3	14.12886905670166
1598	21	4	11.049690246582031
1598	152	5	10.561646461486816
1598	99	6	10.341050148010254
1598	166	7	9.987295150756836
1598	109	8	9.722113609313965
1598	177	9	9.65139102935791
1598	168	10	9.032268524169922
1633	51	1	24.632877349853516
1633	15	2	15.424172401428223
1633	149	3	12.325980186462402
1633	143	4	12.303285598754883
1633	39	5	11.801687240600586
1633	179	6	11.532346725463867
1633	125	7	11.444303512573242
1633	92	8	11.30872631072998
1633	7	9	11.276744842529297
1633	44	10	11.186720848083496
1649	150	1	20.27631950378418
1649	94	2	18.976652145385742
1649	164	3	18.300151824951172
1649	108	4	13.444558143615723
1649	42	5	12.352889060974121
1649	78	6	11.907968521118164
1649	171	7	10.055469512939453
1649	26	8	9.926332473754883
1649	2	9	9.864911079406738
1649	177	10	9.774109840393066
1659	71	1	14.133219718933105
1659	74	2	12.517619132995605
1659	116	3	12.059212684631348
1659	156	4	10.906689643859863
1659	142	5	10.682381629943848
1659	141	6	10.073063850402832
1659	177	7	9.676289558410645
1659	191	8	9.638077735900879
1659	64	9	9.51377010345459
1659	22	10	9.30202579498291
1689	71	1	26.028987884521484
1689	156	2	14.703063011169434
1689	220	3	13.118219375610352
1689	191	4	12.083080291748047
1689	4	5	10.033098220825195
1689	26	6	9.875904083251953
1689	166	7	9.628497123718262
1689	101	8	9.544928550720215
1689	22	9	9.54348373413086
1689	18	10	9.089691162109375
1694	75	1	23.875411987304688
1694	123	2	11.672207832336426
1694	15	3	10.242463111877441
1694	114	4	9.905647277832031
1694	130	5	9.543617248535156
1694	53	6	9.47680377960205
1694	39	7	9.283181190490723
1694	73	8	9.127458572387695
1694	70	9	9.066359519958496
1694	59	10	8.983396530151367
1704	208	1	25.107927322387695
1704	70	2	14.031208038330078
1704	63	3	12.58063793182373
1704	2	4	12.319396018981934
1704	38	5	12.281618118286133
1704	39	6	12.140645980834961
1704	37	7	11.97878646850586
1704	164	8	11.44198989868164
1704	41	9	11.419504165649414
1704	165	10	11.1994047164917
1743	175	1	26.8559627532959
1743	85	2	17.760313034057617
1743	81	3	17.368436813354492
1743	45	4	13.202652931213379
1743	151	5	12.777716636657715
1743	127	6	12.743817329406738
1743	57	7	12.537182807922363
1743	33	8	11.651178359985352
1743	39	9	11.566319465637207
1743	7	10	11.531981468200684
1746	62	1	18.455291748046875
1746	208	2	11.341798782348633
1746	163	3	10.841218948364258
1746	99	4	10.796605110168457
1746	63	5	9.815024375915527
1746	81	6	9.766862869262695
1746	174	7	9.346295356750488
1746	15	8	9.247762680053711
1746	164	9	9.121196746826172
1746	96	10	8.672357559204102
1754	142	1	11.743061065673828
1754	2	2	9.90981388092041
1754	0	3	9.42412281036377
1754	15	4	9.111183166503906
1754	31	5	8.474377632141113
1754	116	6	8.260283470153809
1754	133	7	8.254003524780273
1754	57	8	8.242876052856445
1754	152	9	7.7869977951049805
1754	110	10	7.4987711906433105
1769	128	1	22.465272903442383
1769	61	2	21.482900619506836
1769	77	3	18.033470153808594
1769	64	4	16.08295249938965
1769	62	5	14.517533302307129
1769	41	6	14.3109769821167
1769	39	7	14.009188652038574
1769	57	8	12.421442985534668
1769	16	9	12.33397388458252
1769	178	10	11.849374771118164
1778	127	1	22.80832290649414
1778	15	2	13.397339820861816
1778	70	3	11.848939895629883
1778	116	4	11.10027027130127
1778	34	5	10.726067543029785
1778	58	6	10.38100528717041
1778	44	7	10.28679084777832
1778	174	8	9.888331413269043
1778	39	9	9.789483070373535
1778	61	10	9.689360618591309
1816	39	1	20.87252426147461
1816	70	2	19.269180297851562
1816	37	3	18.66905975341797
1816	165	4	18.429655075073242
1816	174	5	11.93750286102295
1816	1	6	10.307101249694824
1816	38	7	10.281633377075195
1816	127	8	10.192730903625488
1816	58	9	10.160665512084961
1816	34	10	10.15416145324707
1844	116	1	27.889137268066406
1844	74	2	20.1932315826416
1844	165	3	11.191353797912598
1844	62	4	11.06924057006836
1844	70	5	10.668010711669922
1844	37	6	10.44578742980957
1844	15	7	10.384321212768555
1844	39	8	9.888283729553223
1844	161	9	9.585683822631836
1844	127	10	9.452723503112793
1856	16	1	23.98383903503418
1856	71	2	10.706636428833008
1856	62	3	10.471805572509766
1856	22	4	10.180904388427734
1856	123	5	10.177900314331055
1856	175	6	10.035347938537598
1856	59	7	10.02833366394043
1856	7	8	9.196773529052734
1856	70	9	9.00783920288086
1856	61	10	8.845808029174805
1858	80	1	24.464855194091797
1858	187	2	10.75003433227539
1858	122	3	10.318405151367188
1858	116	4	10.269571304321289
1858	99	5	10.09320068359375
1858	83	6	9.978285789489746
1858	209	7	9.726935386657715
1858	52	8	9.419791221618652
1858	1	9	9.400572776794434
1858	218	10	9.082304000854492
1894	155	1	12.117607116699219
1894	146	2	11.384822845458984
1894	94	3	10.609346389770508
1894	103	4	10.487257957458496
1894	28	5	10.19816780090332
1894	119	6	10.014875411987305
1894	25	7	9.9194917678833
1894	179	8	9.842986106872559
1894	24	9	9.708131790161133
1894	224	10	9.664745330810547
1915	166	1	25.205455780029297
1915	109	2	23.065034866333008
1915	45	3	19.732715606689453
1915	186	4	13.563714981079102
1915	61	5	13.333114624023438
1915	128	6	11.445428848266602
1915	2	7	11.288483619689941
1915	64	8	10.869686126708984
1915	175	9	10.547945022583008
1915	41	10	9.565011978149414
1923	31	1	20.817302703857422
1923	57	2	17.71379852294922
1923	2	3	13.333407402038574
1923	30	4	11.537368774414062
1923	164	5	11.00363540649414
1923	177	6	10.798748016357422
1923	63	7	10.260538101196289
1923	81	8	9.811186790466309
1923	15	9	9.635663032531738
1923	150	10	8.661170959472656
1939	31	1	13.112929344177246
1939	0	2	13.099285125732422
1939	208	3	12.480018615722656
1939	96	4	11.82021713256836
1939	45	5	11.309103012084961
1939	218	6	10.89851188659668
1939	164	7	10.155303955078125
1939	2	8	10.068334579467773
1939	63	9	9.82977294921875
1939	57	10	9.62730884552002
1944	21	1	18.51944351196289
1944	72	2	10.29907512664795
1944	116	3	9.959367752075195
1944	187	4	9.67360782623291
1944	140	5	9.642663955688477
1944	80	6	9.544878005981445
1944	62	7	8.498571395874023
1944	152	8	8.486626625061035
1944	209	9	8.45870590209961
1944	142	10	8.270962715148926
1971	152	1	16.259122848510742
1971	52	2	15.071112632751465
1971	80	3	13.002507209777832
1971	220	4	11.87220287322998
1971	54	5	11.844833374023438
1971	187	6	11.392070770263672
1971	74	7	11.253508567810059
1971	44	8	10.733567237854004
1971	168	9	10.59155559539795
1971	141	10	9.779816627502441
2068	52	1	14.214363098144531
2068	117	2	14.028569221496582
2068	176	3	13.395883560180664
2068	167	4	13.14089298248291
2068	44	5	12.918024063110352
2068	168	6	12.268488883972168
2068	95	7	12.021846771240234
2068	180	8	11.206727981567383
2068	79	9	11.158771514892578
2068	70	10	10.237605094909668
2072	167	1	23.834278106689453
2072	106	2	15.591880798339844
2072	52	3	13.029481887817383
2072	11	4	11.795075416564941
2072	34	5	11.450267791748047
2072	180	6	10.337352752685547
2072	176	7	10.3317289352417
2072	142	8	10.253948211669922
2072	189	9	10.213362693786621
2072	44	10	9.675786018371582
2077	95	1	24.47016143798828
2077	176	2	13.2822847366333
2077	52	3	12.105924606323242
2077	40	4	12.064173698425293
2077	180	5	10.924942016601562
2077	44	6	10.072547912597656
2077	224	7	9.804305076599121
2077	142	8	9.430377006530762
2077	129	9	9.182255744934082
2077	10	10	9.054008483886719
2086	117	1	26.5982666015625
2086	180	2	10.407580375671387
2086	44	3	9.161530494689941
2086	132	4	8.604530334472656
2086	87	5	8.393479347229004
2086	152	6	7.905055999755859
2086	176	7	7.636382102966309
2086	79	8	7.5618720054626465
2086	95	9	7.4452104568481445
2086	131	10	6.93349552154541
2153	52	1	13.557928085327148
2153	95	2	13.242141723632812
2153	176	3	12.293377876281738
2153	40	4	11.255208969116211
2153	43	5	10.753767013549805
2153	224	6	10.294718742370605
2153	117	7	9.869190216064453
2153	180	8	9.708497047424316
2153	199	9	8.994173049926758
2153	48	10	8.976059913635254
2165	100	1	11.012392044067383
2165	81	2	10.990005493164062
2165	62	3	10.217968940734863
2165	116	4	9.62183952331543
2165	165	5	9.557249069213867
2165	102	6	9.55481243133545
2165	3	7	9.236248016357422
2165	57	8	9.083783149719238
2165	15	9	9.031965255737305
2165	141	10	9.007871627807617
2188	127	1	13.190844535827637
2188	34	2	11.681732177734375
2188	88	3	11.42813491821289
2188	96	4	11.059717178344727
2188	41	5	11.034393310546875
2188	174	6	11.02186107635498
2188	180	7	10.609551429748535
2188	157	8	10.31869888305664
2188	61	9	10.126374244689941
2188	64	10	9.959578514099121
2201	71	1	13.33812427520752
2201	22	2	12.44755744934082
2201	15	3	12.331368446350098
2201	168	4	11.648168563842773
2201	116	5	10.349048614501953
2201	39	6	10.250761032104492
2201	12	7	9.84518814086914
2201	164	8	9.802886962890625
2201	174	9	9.671172142028809
2201	185	10	9.513716697692871
2319	77	1	17.55495262145996
2319	128	2	16.441225051879883
2319	64	3	15.947938919067383
2319	61	4	15.771937370300293
2319	41	5	14.21227741241455
2319	174	6	13.04132080078125
2319	177	7	12.869528770446777
2319	180	8	12.480910301208496
2319	25	9	12.439258575439453
2319	31	10	12.3516263961792
2362	175	1	11.380337715148926
2362	117	2	11.034158706665039
2362	35	3	10.133687973022461
2362	210	4	9.981810569763184
2362	192	5	9.745596885681152
2362	151	6	9.70230484008789
2362	79	7	9.6713285446167
2362	109	8	9.348834037780762
2362	25	9	8.995237350463867
2362	46	10	8.847980499267578
2367	77	1	19.581005096435547
2367	128	2	16.00160789489746
2367	61	3	15.882746696472168
2367	41	4	14.225671768188477
2367	64	5	13.856976509094238
2367	203	6	10.582915306091309
2367	103	7	9.962197303771973
2367	98	8	9.928574562072754
2367	85	9	9.716650009155273
2367	63	10	9.589502334594727
2401	77	1	23.599456787109375
2401	163	2	9.619417190551758
2401	64	3	9.423229217529297
2401	177	4	9.25174331665039
2401	115	5	9.090455055236816
2401	208	6	8.807608604431152
2401	56	7	8.694807052612305
2401	186	8	8.67099666595459
2401	178	9	8.65569019317627
2401	118	10	8.488773345947266
2431	177	1	21.570899963378906
2431	178	2	13.654603004455566
2431	61	3	13.136892318725586
2431	128	4	12.705024719238281
2431	31	5	12.703944206237793
2431	30	6	11.760604858398438
2431	77	7	11.105696678161621
2431	71	8	11.050248146057129
2431	218	9	10.955523490905762
2431	187	10	10.797835350036621
2468	26	1	12.670943260192871
2468	156	2	11.204870223999023
2468	71	3	10.993645668029785
2468	197	4	10.836097717285156
2468	115	5	10.312932968139648
2468	5	6	10.174768447875977
2468	25	7	9.736424446105957
2468	198	8	9.646963119506836
2468	108	9	9.310586929321289
2468	105	10	9.176302909851074
2489	71	1	14.274277687072754
2489	25	2	12.868875503540039
2489	120	3	12.321907043457031
2489	156	4	11.847464561462402
2489	26	5	11.537294387817383
2489	108	6	10.7868013381958
2489	16	7	10.746747970581055
2489	5	8	9.891592025756836
2489	166	9	9.651878356933594
2489	221	10	9.592994689941406
2509	115	1	12.845197677612305
2509	108	2	10.108250617980957
2509	111	3	9.850128173828125
2509	198	4	9.809026718139648
2509	120	5	9.609484672546387
2509	6	6	9.39353084564209
2509	71	7	9.177490234375
2509	22	8	8.89663314819336
2509	26	9	8.840764045715332
2509	145	10	8.671822547912598
2523	188	1	26.325973510742188
2523	110	2	12.79824161529541
2523	189	3	9.607671737670898
2523	13	4	9.292187690734863
2523	104	5	8.591413497924805
2523	121	6	8.530214309692383
2523	205	7	8.52939510345459
2523	158	8	8.516559600830078
2523	99	9	7.950521945953369
2523	0	10	7.808254241943359
2539	153	1	23.88689613342285
2539	219	2	16.5659122467041
2539	202	3	11.862398147583008
2539	181	4	8.718330383300781
2539	4	5	8.294791221618652
2539	18	6	8.180760383605957
2539	77	7	7.697847843170166
2539	115	8	7.658516883850098
2539	176	9	7.613971710205078
2539	12	10	7.590622425079346
2572	78	1	18.172611236572266
2572	97	2	16.396345138549805
2572	17	3	15.683670043945312
2572	75	4	13.061280250549316
2572	15	5	10.274726867675781
2572	215	6	10.204636573791504
2572	116	7	9.007540702819824
2572	10	8	8.884552955627441
2572	52	9	8.875496864318848
2572	55	10	8.665128707885742
2596	58	1	25.046520233154297
2596	98	2	24.149045944213867
2596	7	3	23.341960906982422
2596	225	4	11.266777992248535
2596	120	5	11.059307098388672
2596	15	6	10.742091178894043
2596	179	7	10.491880416870117
2596	48	8	10.46640682220459
2596	39	9	10.20565128326416
2596	46	10	10.113462448120117
2634	79	1	26.42630386352539
2634	46	2	20.10362434387207
2634	131	3	18.63551139831543
2634	160	4	13.245857238769531
2634	58	5	10.705201148986816
2634	121	6	10.447580337524414
2634	201	7	10.180135726928711
2634	7	8	9.593376159667969
2634	15	9	9.020557403564453
2634	124	10	8.962953567504883
2650	118	1	21.62908935546875
2650	190	2	21.03289031982422
2650	155	3	19.490493774414062
2650	154	4	14.045867919921875
2650	66	5	11.322339057922363
2650	21	6	11.26953125
2650	179	7	11.01975154876709
2650	220	8	9.647456169128418
2650	119	9	9.57535457611084
2650	180	10	9.328537940979004
2676	200	1	22.856243133544922
2676	218	2	12.68502140045166
2676	38	3	10.413803100585938
2676	168	4	9.59557056427002
2676	194	5	9.49007511138916
2676	63	6	9.4834623336792
2676	162	7	9.422347068786621
2676	141	8	9.116262435913086
2676	27	9	9.103193283081055
2676	71	10	9.052773475646973
2765	179	1	11.949122428894043
2765	152	2	10.728426933288574
2765	7	3	10.597136497497559
2765	33	4	9.92560863494873
2765	98	5	9.488643646240234
2765	133	6	8.93311595916748
2765	46	7	8.417404174804688
2765	59	8	8.323836326599121
2765	1	9	8.127904891967773
2765	119	10	8.047096252441406
2780	209	1	17.5252628326416
2780	54	2	11.684728622436523
2780	80	3	10.453561782836914
2780	52	4	10.155377388000488
2780	186	5	10.050361633300781
2780	8	6	9.99949836730957
2780	142	7	9.965691566467285
2780	109	8	9.427448272705078
2780	164	9	9.190689086914062
2780	64	10	9.163792610168457
2795	65	1	21.420089721679688
2795	220	2	19.305599212646484
2795	132	3	18.08474349975586
2795	215	4	17.25539207458496
2795	101	5	17.209522247314453
2795	32	6	13.237336158752441
2795	28	7	12.300389289855957
2795	222	8	11.852521896362305
2795	133	9	11.7317476272583
2795	33	10	10.713926315307617
2830	4	1	22.23630142211914
2830	24	2	16.54302215576172
2830	32	3	15.663396835327148
2830	23	4	15.095756530761719
2830	160	5	14.223453521728516
2830	148	6	14.163642883300781
2830	222	7	14.111381530761719
2830	28	8	13.343660354614258
2830	221	9	12.106158256530762
2830	18	10	12.047347068786621
2831	24	1	22.418285369873047
2831	4	2	19.787099838256836
2831	23	3	19.410011291503906
2831	32	4	19.070045471191406
2831	18	5	14.221611022949219
2831	221	6	13.250524520874023
2831	14	7	11.978663444519043
2831	117	8	11.573690414428711
2831	33	9	10.38172435760498
2831	133	10	10.20256519317627
2847	66	1	27.14424705505371
2847	191	2	23.18317985534668
2847	192	3	23.130170822143555
2847	193	4	13.72109317779541
2847	102	5	11.515084266662598
2847	140	6	11.410865783691406
2847	23	7	10.854228973388672
2847	18	8	10.372307777404785
2847	116	9	10.299995422363281
2847	142	10	10.156878471374512
2875	193	1	24.082162857055664
2875	192	2	12.299819946289062
2875	191	3	12.012170791625977
2875	202	4	11.925487518310547
2875	66	5	10.597967147827148
2875	189	6	9.803275108337402
2875	180	7	9.532706260681152
2875	52	8	9.485185623168945
2875	101	9	9.455430030822754
2875	220	10	9.046253204345703
2892	85	1	22.902637481689453
2892	101	2	13.852770805358887
2892	116	3	12.68160343170166
2892	220	4	12.622761726379395
2892	52	5	11.509718894958496
2892	122	6	11.038782119750977
2892	191	7	10.825586318969727
2892	17	8	10.719467163085938
2892	215	9	10.558913230895996
2892	15	10	9.5134859085083
2926	42	1	14.16762638092041
2926	84	2	13.904789924621582
2926	17	3	12.695959091186523
2926	112	4	10.321337699890137
2926	8	5	9.647135734558105
2926	49	6	8.993721961975098
2926	116	7	8.98987865447998
2926	185	8	8.505520820617676
2926	220	9	8.234134674072266
2926	68	10	8.135814666748047
